network,Name,Rating (kA),Stage -1,Stage 0,Stage 1,Stage 2,Stage 3,Stage 4,Stage 5,Stage 6,Stage 7,Stage 8,Stage 9,Stage 10,Stage 11,Stage 12,Stage 13,Stage 14,Stage 15
chapelcross33kv,lne_CHAP1-_HAKB1-_1,0.5773503,0,0,0.0,0.0,0.0,0.0,0.0,0.0,0.0,0.0,0.0,0.0,0.0,0.0,0.0,0.0,0.0
chapelcross33kv,CRAG5B_LAHO5-_1,0.2729292,0,0,0.0,0.0,0.0,0.0,0.0,0.0,0.0,0.0,0.0,0.0,0.0,0.0,0.0,0.0,0.0
chapelcross33kv,CHAPX3_LAHO3B_1,0.4279915,0,0,0.0,0.0,0.0,0.0,0.0,0.0,0.0,0.0,1.5923929422254546e-09,1.7683213062038202e-09,1.8069893289006684e-09,1.8008382245524056e-09,1.8049581372584665e-09,1.8011971959043116e-09,1.8003473080601119e-09
chapelcross33kv,LOBI3B_MOFTT2_1,0.1940247,0,0,0.0,0.0,0.0,0.0,0.0,0.0,0.0,0.0,0.0,0.0,0.017534127819413013,0.008828194096819739,0.008700806957947381,0.008721750451447711,0.028465123283814054
chapelcross33kv,lne_CHAP1-_DUMF1-_1,0.747931,0,0,0.0,0.0,0.0,0.0,0.0,0.0,0.0,0.0,0.0,0.0,0.0,0.0,0.0,0.32430965410439005,0.17605781130281745
chapelcross33kv,CHAP3-_LOBI3B_1,0.3649554,0,0,0.0,0.0,0.0,0.0,0.0,0.0,0.0,0.0,0.0,0.0,0.0,0.0,0.0,0.0,0.0
chapelcross33kv,CHAP3-_CHAPX1_1,0.4309132,0,0,0.0,0.0,0.0,0.0,0.0,0.0,0.0,0.0,0.0,0.0,0.0,0.3373767208013877,0.1569173310619722,0.25917415127431775,0.21619590013192988
chapelcross33kv,CHAPX4_KIBAT1_1,0.3110693,0,0,0.0,0.0,0.0,0.0,0.0,0.0,0.0,0.0,0.0,0.0,0.0,0.20438552491228937,0.19851546403432466,0.1706988749940484,0.1383064074804426
chapelcross33kv,CHAPX4_MOFTT1_1,0.3110693,0,0,0.0,0.0,0.0,0.0,0.0,0.0,0.0,0.0,0.0,0.0,0.0,0.0,0.05395179424847285,0.03964210056913193,0.025691824070646713
chapelcross33kv,CHAP3-_CHAPX3_1,0.4309132,0,0,0.0,0.0,0.0,0.0,0.0,0.0,0.0,0.0,0.0,0.0,0.0,0.0,0.11825540773071118,0.08607157012391768,0.04989926150210518
chapelcross33kv,GRNA3A_GRNAT1_1,17.47797,0,0,0.0,0.0,0.0,0.0,0.0,0.0,0.0,0.0,0.0,0.0,1.5825217376524998,0.8462703068355286,0.837823241270103,0.8391793393333993,4.291079296789537
chapelcross33kv,LOBI3A_LOBIT1_1,17.47797,0,0,0.0,0.0,0.0,0.0,0.0,0.0,0.0,0.0,0.0,0.0,0.0001308660638482647,0.0001290097820996971,0.00013087700287606714,0.00013056696960611353,0.041838689767213985
chapelcross33kv,LAHO3A_LAHOT1_1,17.47797,0,0,0.0,0.0,0.0,0.0,0.0,0.0,0.0,0.0,0.0,0.0,0.0,0.2834854628026119,0.13649490734513742,0.13548248308309416,0.13106612185529828
chapelcross33kv,LAHO3B_LAHOT2_1,17.47797,0,0,0.0,0.0,0.0,0.0,0.0,0.0,0.0,0.0,0.2899341008784647,0.19627287238906865,0.12138928098354146,0.12179613986193974,0.1199455994596566,0.12019096314245217,0.07446963929435642
chapelcross33kv,MIBI3-_MIBIT1_1,17.47797,0,0,0.0,0.0,0.0,0.0,0.0,0.0,0.0,0.0,0.0,0.0,3.8805690790573946e-10,3.8824313533194293e-10,3.8880255941140053e-10,3.8787792366186694e-10,0.043643883235691225
chapelcross33kv,GRNA3B_GRNAT2_1,17.47797,0,0,0.0,0.0,0.0,0.0,0.0,0.0,0.0,0.19026810187124477,0.14439783687326518,0.09467490353563568,0.09286903289089449,0.09313178421624238,0.0919000321689701,0.09205932459008259,0.09148397441759495
chapelcross33kv,MIBI3-_LAHO3A_1,0.1940247,0,0,0.0,0.0,0.0,0.0,0.0,0.0,0.0,0.0,0.0,0.002943763124474161,0.0021446081908323075,0.001437304173642478,0.0014161720086178528,0.0014196718593142423,0.0009471899575878986
chapelcross33kv,LAHO3B_NEWCT1_1,0.4279915,0,0,0.0,0.0,0.0,0.0,0.0,0.0,0.0,0.0,0.6395542220903159,0.4329506045632067,0.267767837613575,0.2686653115987924,0.264583277365835,0.2651245154557718,0.16426964670134456
chapelcross33kv,CHAP3-_MIBI3-_1,0.3649554,0,0,0.0,0.0,0.0,0.0,0.0,0.0,0.0,0.0,0.0,0.0,0.03304421867487394,0.01664167624644979,0.01640186270852633,0.01644136023565214,0.016590801568775734
chapelcross33kv,ANANT1_CHAP3-_1,0.3649554,0,0,0.0,0.0,0.0,0.010332155323871819,0.010374039729010007,0.0104139581113885,0.010070984020391036,0.19933818668832767,0.4378038822180509,0.29729513075070974,0.22183389170905465,0.14564994095696596,0.14050419486839036,0.1425639952909573,0.09100480614147222
chapelcross33kv,CARU3A_CHAPX1_1,0.4309132,0,0,0.0,0.0,0.0,0.0,0.0,0.0,0.2574929240997123,0.1929123701544675,0.1259315531200841,0.12618961597935532,0.12497256706272956,0.12734506995890346,0.12553201318257812,0.12583022382209685,0.1257905605130603
chapelcross33kv,ANANT2_CHAP3-_1,0.3649554,0,0,0.0,0.0,0.0,0.0,0.0,0.0,0.0,0.0,0.0,0.0,0.0,0.001402682342020095,0.001423803459034034,0.0014213338677631173,0.0014301178141835963
chapelcross33kv,EWHC3-_MIBI3-_1,0.4006461,0,0,0.0,0.0,0.0,0.0,0.0,0.0,0.23943914538945088,0.1793722458563807,0.11708761773008707,0.11732758051996756,0.11619589742762614,0.11840185845184303,0.11671610175994938,0.11699339562060308,0.11582401850520135
chapelcross33kv,CRAG5A_LAHO5-_1,0.5616043,0,0,0.0,0.0,0.0,0.021244997542403672,0.021155318990930972,0.021073455810290742,0.021944343448142403,0.02239112232560571,0.022688655014985782,0.02232514933145789,0.02189494038638513,0.1498398184964762,0.14049114848397198,0.14514805320683166,0.12930712288270585
chapelcross33kv,CHAPX4_LOBI3A_1,0.1940247,0,0,0.0,0.0,0.0,0.0,0.0,0.0,0.0,0.0,0.0010324438959054183,0.0011440462727658977,0.001168603694499687,0.0011646947028296209,0.0011673083349720273,0.001164921894479872,0.0011643831515855574
chapelcross33kv,CHAPX1_LOBI3A_1,0.4309132,0,0,0.0,0.0,0.0,0.0,0.0,0.0,0.0,0.0,0.0,0.0,0.0,0.0,0.3084800434519289,0.22557501153240506,0.1346758254119651
chapelcross33kv,CHAP3-_GRNA3B_1,0.4310007,0,0,0.0,0.0,0.0,0.0,0.0,0.0,0.0,0.0,0.0,0.0,0.0,0.28354294070456193,0.2752366017185965,0.23665227618714219,0.19156389545481806
chapelcross33kv,CHAP3-_MINS3-_1,0.6998185,0,0,0.0,0.0,0.0,0.0,0.0,0.0,0.0,0.0,0.0,0.4305703719288891,0.3136817425815396,0.21022771429433118,0.20713681202171264,0.20764871870132035,0.1385410156029999
chapelcross33kv,CHAP3-_STCR3-_1,2.799274,0,0,0.0,0.0,0.19046374970058114,0.19028230406525132,0.1894781470055713,0.18874408174988733,0.19655383310594496,0.1973464835647138,1.3784043133672845,1.3917999175363382,1.3431455719255896,1.4700174171090747,1.3608481858320707,1.3735784959904422,1.348788026016197
chapelcross33kv,LOBI3B_LOBIT2_1,17.47797,0,0,0.5664240995419203,0.5664240995419203,0.4896722843330788,0.5340801035788104,0.6438700736420182,0.7478379498973895,2.859437853562085,3.3741926073848396,1.9470240093161035,2.7825520431933253,2.189348968339379,4.576157057274623,3.6753841253255732,3.978557324982029,3.4391485003203455
chapelcross33kv,lne_AL048A_GRNA1-_1,0.63,0,0,0.0,0.0,0.0,0.0,0.0,0.0,0.0,0.0,0.0,0.0,0.0,0.010299466261797254,0.0047903861061803195,0.0048869744954944715,0.005103145647062605
chapelcross33kv,lne_CHAP1-_AL048A_1,0.57735,0,0,0.0,0.0,0.0,0.0,0.001468248404595424,0.005171044589555258,0.004069854595505861,0.004053779705380181,0.004125793276891755,0.00411743330943575,0.005136501308882714,0.004080275883689063,0.0051136841071118344,0.004129085443842174,0.005127862991188945
chapelcross33kv,lne_AL048B_GRNA1-_1,0.63,0,0,0.0,0.0,0.0,0.0,0.004808850418731237,0.009232460941769062,0.007246200662462256,0.007217579985132333,0.007345811787319162,0.007330927195904604,0.00913620629099279,0.007264760386937139,0.009095695173175662,0.007351673360821462,0.00912092120806977
chapelcross33kv,lne_CHAP1-_AL048B_1,0.5773,0,0,0.0,0.0,0.0,0.0,1.8196680532902258e-05,1.8315920859428543e-05,1.4290242596296525e-05,1.4233799654834366e-05,1.4486744955438294e-05,1.4457390908792333e-05,1.7978131758471724e-05,1.4326864725449347e-05,1.789871829048884e-05,1.4498304616201615e-05,1.7948380786285924e-05
chapelcross33kv,CHAP08_CHAPX3_1,999.0,999,999,999.0,999.0,999.0,999.0,999.0,999.0,999.0,999.0,999.0,999.0,999.0,999.0,999.0,999.0,999.0
chapelcross33kv,CHAP3-_SOLWAY,999.0,999,999,999.0,999.0,999.0,999.0,999.0,999.0,999.0,999.0,999.0,999.0,999.0,999.0,999.0,999.0,999.0
chapelcross132kv,CHAP3A1,999.0,999,999,999.0,999.0,999.0,999.0,999.0,999.0,999.0,999.0,999.0,999.0,999.0,999.0,999.0,999.0,999.0
chapelcross132kv,CHAP3A2,999.0,999,999,999.0,999.0,999.0,999.0,999.0,999.0,999.0,999.0,999.0,999.0,999.0,999.0,999.0,999.0,999.0
chapelcross132kv,CHAP1-_CHAP3-_1,999.0,999,999,999.0,999.0,999.0,999.0,999.0,999.0,999.0,999.0,999.0,999.0,999.0,999.0,999.0,999.0,999.0
chapelcross132kv,CHAP1-_CHAP3-_2,999.0,999,999,999.0,999.0,999.0,999.0,999.0,999.0,999.0,999.0,999.0,999.0,999.0,999.0,999.0,999.0,999.0
chapelcross132kv,M1,999.0,999,999,999.0,999.0,999.0,999.0,999.0,999.0,999.0,999.0,999.0,999.0,999.0,999.0,999.0,999.0,999.0
chapelcross132kv,R1,999.0,999,999,999.0,999.0,999.0,999.0,999.0,999.0,999.0,999.0,999.0,999.0,999.0,999.0,999.0,999.0,999.0
chapelcross132kv,1006,999.0,999,999,999.0,999.0,999.0,999.0,999.0,999.0,999.0,999.0,999.0,999.0,999.0,999.0,999.0,999.0,999.0
chapelcross132kv,1004,999.0,999,999,999.0,999.0,999.0,999.0,999.0,999.0,999.0,999.0,999.0,999.0,999.0,999.0,999.0,999.0,999.0
chapelcross132kv,HARK A,999.0,999,999,999.0,999.0,999.0,999.0,999.0,999.0,999.0,999.0,999.0,999.0,999.0,999.0,999.0,999.0,999.0
chapelcross132kv,HARK,999.0,999,999,999.0,999.0,999.0,999.0,999.0,999.0,999.0,999.0,999.0,999.0,999.0,999.0,999.0,999.0,999.0
chapelcross132kv,806,999.0,999,999,999.0,999.0,999.0,999.0,999.0,999.0,999.0,999.0,999.0,999.0,999.0,999.0,999.0,999.0,999.0
chapelcross132kv,804,999.0,999,999,999.0,999.0,999.0,999.0,999.0,999.0,999.0,999.0,999.0,999.0,999.0,999.0,999.0,999.0,999.0
chapelcross132kv,DUMF-2 A,999.0,999,999,999.0,999.0,999.0,999.0,999.0,999.0,999.0,999.0,999.0,999.0,999.0,999.0,999.0,999.0,999.0
chapelcross132kv,DUMF-2,999.0,999,999,999.0,999.0,999.0,999.0,999.0,999.0,999.0,999.0,999.0,999.0,999.0,999.0,999.0,999.0,999.0
chapelcross132kv,616,999.0,999,999,999.0,999.0,999.0,999.0,999.0,999.0,999.0,999.0,999.0,999.0,999.0,999.0,999.0,999.0,999.0
chapelcross132kv,614,999.0,999,999,999.0,999.0,999.0,999.0,999.0,999.0,999.0,999.0,999.0,999.0,999.0,999.0,999.0,999.0,999.0
chapelcross132kv,ECCF-2 A,999.0,999,999,999.0,999.0,999.0,999.0,999.0,999.0,999.0,999.0,999.0,999.0,999.0,999.0,999.0,999.0,999.0
chapelcross132kv,ECCF-2,999.0,999,999,999.0,999.0,999.0,999.0,999.0,999.0,999.0,999.0,999.0,999.0,999.0,999.0,999.0,999.0,999.0
chapelcross132kv,416,999.0,999,999,999.0,999.0,999.0,999.0,999.0,999.0,999.0,999.0,999.0,999.0,999.0,999.0,999.0,999.0,999.0
chapelcross132kv,414,999.0,999,999,999.0,999.0,999.0,999.0,999.0,999.0,999.0,999.0,999.0,999.0,999.0,999.0,999.0,999.0,999.0
chapelcross132kv,206,999.0,999,999,999.0,999.0,999.0,999.0,999.0,999.0,999.0,999.0,999.0,999.0,999.0,999.0,999.0,999.0,999.0
chapelcross132kv,204,999.0,999,999,999.0,999.0,999.0,999.0,999.0,999.0,999.0,999.0,999.0,999.0,999.0,999.0,999.0,999.0,999.0
chapelcross132kv,GRNA-2 A,999.0,999,999,999.0,999.0,999.0,999.0,999.0,999.0,999.0,999.0,999.0,999.0,999.0,999.0,999.0,999.0,999.0
chapelcross132kv,GRNA-2,999.0,999,999,999.0,999.0,999.0,999.0,999.0,999.0,999.0,999.0,999.0,999.0,999.0,999.0,999.0,999.0,999.0
chapelcross132kv,336 330 334,999.0,999,999,999.0,999.0,999.0,999.0,999.0,999.0,999.0,999.0,999.0,999.0,999.0,999.0,999.0,999.0,999.0
chapelcross132kv,506,999.0,999,999,999.0,999.0,999.0,999.0,999.0,999.0,999.0,999.0,999.0,999.0,999.0,999.0,999.0,999.0,999.0
chapelcross132kv,504,999.0,999,999,999.0,999.0,999.0,999.0,999.0,999.0,999.0,999.0,999.0,999.0,999.0,999.0,999.0,999.0,999.0
chapelcross132kv,DUMF-1 A,999.0,999,999,999.0,999.0,999.0,999.0,999.0,999.0,999.0,999.0,999.0,999.0,999.0,999.0,999.0,999.0,999.0
chapelcross132kv,DUMF-1,999.0,999,999,999.0,999.0,999.0,999.0,999.0,999.0,999.0,999.0,999.0,999.0,999.0,999.0,999.0,999.0,999.0
chapelcross132kv,716,999.0,999,999,999.0,999.0,999.0,999.0,999.0,999.0,999.0,999.0,999.0,999.0,999.0,999.0,999.0,999.0,999.0
chapelcross132kv,714,999.0,999,999,999.0,999.0,999.0,999.0,999.0,999.0,999.0,999.0,999.0,999.0,999.0,999.0,999.0,999.0,999.0
chapelcross132kv,916,999.0,999,999,999.0,999.0,999.0,999.0,999.0,999.0,999.0,999.0,999.0,999.0,999.0,999.0,999.0,999.0,999.0
chapelcross132kv,914,999.0,999,999,999.0,999.0,999.0,999.0,999.0,999.0,999.0,999.0,999.0,999.0,999.0,999.0,999.0,999.0,999.0
chapelcross132kv,ECCF-1 A,999.0,999,999,999.0,999.0,999.0,999.0,999.0,999.0,999.0,999.0,999.0,999.0,999.0,999.0,999.0,999.0,999.0
chapelcross132kv,ECCF-1,999.0,999,999,999.0,999.0,999.0,999.0,999.0,999.0,999.0,999.0,999.0,999.0,999.0,999.0,999.0,999.0,999.0
chapelcross132kv,1106,999.0,999,999,999.0,999.0,999.0,999.0,999.0,999.0,999.0,999.0,999.0,999.0,999.0,999.0,999.0,999.0,999.0
chapelcross132kv,1104,999.0,999,999,999.0,999.0,999.0,999.0,999.0,999.0,999.0,999.0,999.0,999.0,999.0,999.0,999.0,999.0,999.0
chapelcross132kv,GRNA-1 A,999.0,999,999,999.0,999.0,999.0,999.0,999.0,999.0,999.0,999.0,999.0,999.0,999.0,999.0,999.0,999.0,999.0
chapelcross132kv,GRNA-1,999.0,999,999,999.0,999.0,999.0,999.0,999.0,999.0,999.0,999.0,999.0,999.0,999.0,999.0,999.0,999.0,999.0
gretna132kv,124 120 128,999.0,999,999,999.0,999.0,999.0,999.0,999.0,999.0,999.0,999.0,999.0,999.0,999.0,999.0,999.0,999.0,999.0
gretna132kv,783 780 784,999.0,999,999,999.0,999.0,999.0,999.0,999.0,999.0,999.0,999.0,999.0,999.0,999.0,999.0,999.0,999.0,999.0
gretna132kv,303 305 304,999.0,999,999,999.0,999.0,999.0,999.0,999.0,999.0,999.0,999.0,999.0,999.0,999.0,999.0,999.0,999.0,999.0
gretna132kv,203 205 204,999.0,999,999,999.0,999.0,999.0,999.0,999.0,999.0,999.0,999.0,999.0,999.0,999.0,999.0,999.0,999.0,999.0
gretna132kv,683 680 684,999.0,999,999,999.0,999.0,999.0,999.0,999.0,999.0,999.0,999.0,999.0,999.0,999.0,999.0,999.0,999.0,999.0
gretna132kv,504 505 503,999.0,999,999,999.0,999.0,999.0,999.0,999.0,999.0,999.0,999.0,999.0,999.0,999.0,999.0,999.0,999.0,999.0
gretna132kv,404 405 403,999.0,999,999,999.0,999.0,999.0,999.0,999.0,999.0,999.0,999.0,999.0,999.0,999.0,999.0,999.0,999.0,999.0
gretna132kv,804 805 803,999.0,999,999,999.0,999.0,999.0,999.0,999.0,999.0,999.0,999.0,999.0,999.0,999.0,999.0,999.0,999.0,999.0
gretna400kv,M1,999.0,999,999,999.0,999.0,999.0,999.0,999.0,999.0,999.0,999.0,999.0,999.0,999.0,999.0,999.0,999.0,999.0
gretna400kv,R1,999.0,999,999,999.0,999.0,999.0,999.0,999.0,999.0,999.0,999.0,999.0,999.0,999.0,999.0,999.0,999.0,999.0
gretna400kv,X606 X604,999.0,999,999,999.0,999.0,999.0,999.0,999.0,999.0,999.0,999.0,999.0,999.0,999.0,999.0,999.0,999.0,999.0
gretna400kv,HARK A,999.0,999,999,999.0,999.0,999.0,999.0,999.0,999.0,999.0,999.0,999.0,999.0,999.0,999.0,999.0,999.0,999.0
gretna400kv,HARK,999.0,999,999,999.0,999.0,999.0,999.0,999.0,999.0,999.0,999.0,999.0,999.0,999.0,999.0,999.0,999.0,999.0
gretna400kv,X516 X514,999.0,999,999,999.0,999.0,999.0,999.0,999.0,999.0,999.0,999.0,999.0,999.0,999.0,999.0,999.0,999.0,999.0
gretna400kv,GRNA 780 A,999.0,999,999,999.0,999.0,999.0,999.0,999.0,999.0,999.0,999.0,999.0,999.0,999.0,999.0,999.0,999.0,999.0
gretna400kv,X510,999.0,999,999,999.0,999.0,999.0,999.0,999.0,999.0,999.0,999.0,999.0,999.0,999.0,999.0,999.0,999.0,999.0
gretna400kv,GRNA 780,999.0,999,999,999.0,999.0,999.0,999.0,999.0,999.0,999.0,999.0,999.0,999.0,999.0,999.0,999.0,999.0,999.0
gretna400kv,GRNA 780 tx,999.0,999,999,999.0,999.0,999.0,999.0,999.0,999.0,999.0,999.0,999.0,999.0,999.0,999.0,999.0,999.0,999.0
gretna400kv,X406 X404,999.0,999,999,999.0,999.0,999.0,999.0,999.0,999.0,999.0,999.0,999.0,999.0,999.0,999.0,999.0,999.0,999.0
gretna400kv,ELVA A,999.0,999,999,999.0,999.0,999.0,999.0,999.0,999.0,999.0,999.0,999.0,999.0,999.0,999.0,999.0,999.0,999.0
gretna400kv,ELVA,999.0,999,999,999.0,999.0,999.0,999.0,999.0,999.0,999.0,999.0,999.0,999.0,999.0,999.0,999.0,999.0,999.0
gretna400kv,X447,999.0,999,999,999.0,999.0,999.0,999.0,999.0,999.0,999.0,999.0,999.0,999.0,999.0,999.0,999.0,999.0,999.0
gretna400kv,X447 X449,999.0,999,999,999.0,999.0,999.0,999.0,999.0,999.0,999.0,999.0,999.0,999.0,999.0,999.0,999.0,999.0,999.0
gretna400kv,X449,999.0,999,999,999.0,999.0,999.0,999.0,999.0,999.0,999.0,999.0,999.0,999.0,999.0,999.0,999.0,999.0,999.0
gretna400kv,SC1,999.0,999,999,999.0,999.0,999.0,999.0,999.0,999.0,999.0,999.0,999.0,999.0,999.0,999.0,999.0,999.0,999.0
gretna400kv,X448,999.0,999,999,999.0,999.0,999.0,999.0,999.0,999.0,999.0,999.0,999.0,999.0,999.0,999.0,999.0,999.0,999.0
gretna400kv,X236 X230 X234,999.0,999,999,999.0,999.0,999.0,999.0,999.0,999.0,999.0,999.0,999.0,999.0,999.0,999.0,999.0,999.0,999.0
gretna400kv,X116 X114,999.0,999,999,999.0,999.0,999.0,999.0,999.0,999.0,999.0,999.0,999.0,999.0,999.0,999.0,999.0,999.0,999.0
gretna400kv,GRNA 680 A,999.0,999,999,999.0,999.0,999.0,999.0,999.0,999.0,999.0,999.0,999.0,999.0,999.0,999.0,999.0,999.0,999.0
gretna400kv,X110,999.0,999,999,999.0,999.0,999.0,999.0,999.0,999.0,999.0,999.0,999.0,999.0,999.0,999.0,999.0,999.0,999.0
gretna400kv,GRNA 680,999.0,999,999,999.0,999.0,999.0,999.0,999.0,999.0,999.0,999.0,999.0,999.0,999.0,999.0,999.0,999.0,999.0
gretna400kv,GRNA 680 tx,999.0,999,999,999.0,999.0,999.0,999.0,999.0,999.0,999.0,999.0,999.0,999.0,999.0,999.0,999.0,999.0,999.0
gretna400kv,SC2,999.0,999,999,999.0,999.0,999.0,999.0,999.0,999.0,999.0,999.0,999.0,999.0,999.0,999.0,999.0,999.0,999.0
gretna400kv,SC3,999.0,999,999,999.0,999.0,999.0,999.0,999.0,999.0,999.0,999.0,999.0,999.0,999.0,999.0,999.0,999.0,999.0
gretna400kv,SC4,999.0,999,999,999.0,999.0,999.0,999.0,999.0,999.0,999.0,999.0,999.0,999.0,999.0,999.0,999.0,999.0,999.0
gretna400kv,SC5,999.0,999,999,999.0,999.0,999.0,999.0,999.0,999.0,999.0,999.0,999.0,999.0,999.0,999.0,999.0,999.0,999.0
gretna400kv,SC6,999.0,999,999,999.0,999.0,999.0,999.0,999.0,999.0,999.0,999.0,999.0,999.0,999.0,999.0,999.0,999.0,999.0
gretna400kv,SC7,999.0,999,999,999.0,999.0,999.0,999.0,999.0,999.0,999.0,999.0,999.0,999.0,999.0,999.0,999.0,999.0,999.0
gretna400kv,SC8,999.0,999,999,999.0,999.0,999.0,999.0,999.0,999.0,999.0,999.0,999.0,999.0,999.0,999.0,999.0,999.0,999.0
chapelcrossgretna1,R1_1,999.0,999,999,999.0,999.0,999.0,999.0,999.0,999.0,999.0,999.0,999.0,999.0,999.0,999.0,999.0,999.0,999.0
chapelcrossgretna1,M1_1,999.0,999,999,999.0,999.0,999.0,999.0,999.0,999.0,999.0,999.0,999.0,999.0,999.0,999.0,999.0,999.0,999.0
chapelcrossgretna1,1106 1104_1,999.0,999,999,999.0,999.0,999.0,999.0,999.0,999.0,999.0,999.0,999.0,999.0,999.0,999.0,999.0,999.0,999.0
chapelcrossgretna1,1105 A_1,999.0,999,999,999.0,999.0,999.0,999.0,999.0,999.0,999.0,999.0,999.0,999.0,999.0,999.0,999.0,999.0,999.0
chapelcrossgretna1,1105 B_1,999.0,999,999,999.0,999.0,999.0,999.0,999.0,999.0,999.0,999.0,999.0,999.0,999.0,999.0,999.0,999.0,999.0
chapelcrossgretna1,1105 1103_1,999.0,999,999,999.0,999.0,999.0,999.0,999.0,999.0,999.0,999.0,999.0,999.0,999.0,999.0,999.0,999.0,999.0
chapelcrossgretna1,1103 303 A_1,999.0,999,999,999.0,999.0,999.0,999.0,999.0,999.0,999.0,999.0,999.0,999.0,999.0,999.0,999.0,999.0,999.0
chapelcrossgretna1,1103 303 B_1,999.0,999,999,999.0,999.0,999.0,999.0,999.0,999.0,999.0,999.0,999.0,999.0,999.0,999.0,999.0,999.0,999.0
chapelcrossgretna1,1103 303 C_1,999.0,999,999,999.0,999.0,999.0,999.0,999.0,999.0,999.0,999.0,999.0,999.0,999.0,999.0,999.0,999.0,999.0
chapelcrossgretna1,303 305_1,999.0,999,999,999.0,999.0,999.0,999.0,999.0,999.0,999.0,999.0,999.0,999.0,999.0,999.0,999.0,999.0,999.0
chapelcrossgretna1,305 304_1,999.0,999,999,999.0,999.0,999.0,999.0,999.0,999.0,999.0,999.0,999.0,999.0,999.0,999.0,999.0,999.0,999.0
chapelcrossgretna1,GRNA1 A_1,999.0,999,999,999.0,999.0,999.0,999.0,999.0,999.0,999.0,999.0,999.0,999.0,999.0,999.0,999.0,999.0,999.0
chapelcrossgretna1,GRNA1 B_1,999.0,999,999,999.0,999.0,999.0,999.0,999.0,999.0,999.0,999.0,999.0,999.0,999.0,999.0,999.0,999.0,999.0
chapelcrossgretna2,R1_2,999.0,999,999,999.0,999.0,999.0,999.0,999.0,999.0,999.0,999.0,999.0,999.0,999.0,999.0,999.0,999.0,999.0
chapelcrossgretna2,M1_2,999.0,999,999,999.0,999.0,999.0,999.0,999.0,999.0,999.0,999.0,999.0,999.0,999.0,999.0,999.0,999.0,999.0
chapelcrossgretna2,206 204_2,999.0,999,999,999.0,999.0,999.0,999.0,999.0,999.0,999.0,999.0,999.0,999.0,999.0,999.0,999.0,999.0,999.0
chapelcrossgretna2,205 A_2,999.0,999,999,999.0,999.0,999.0,999.0,999.0,999.0,999.0,999.0,999.0,999.0,999.0,999.0,999.0,999.0,999.0
chapelcrossgretna2,205 B_2,999.0,999,999,999.0,999.0,999.0,999.0,999.0,999.0,999.0,999.0,999.0,999.0,999.0,999.0,999.0,999.0,999.0
chapelcrossgretna2,205 203_2,999.0,999,999,999.0,999.0,999.0,999.0,999.0,999.0,999.0,999.0,999.0,999.0,999.0,999.0,999.0,999.0,999.0
chapelcrossgretna2,203 203 A_2,999.0,999,999,999.0,999.0,999.0,999.0,999.0,999.0,999.0,999.0,999.0,999.0,999.0,999.0,999.0,999.0,999.0
chapelcrossgretna2,203 203 B_2,999.0,999,999,999.0,999.0,999.0,999.0,999.0,999.0,999.0,999.0,999.0,999.0,999.0,999.0,999.0,999.0,999.0
chapelcrossgretna2,203 203 C_2,999.0,999,999,999.0,999.0,999.0,999.0,999.0,999.0,999.0,999.0,999.0,999.0,999.0,999.0,999.0,999.0,999.0
chapelcrossgretna2,203 205_2,999.0,999,999,999.0,999.0,999.0,999.0,999.0,999.0,999.0,999.0,999.0,999.0,999.0,999.0,999.0,999.0,999.0
chapelcrossgretna2,205 204_2,999.0,999,999,999.0,999.0,999.0,999.0,999.0,999.0,999.0,999.0,999.0,999.0,999.0,999.0,999.0,999.0,999.0
chapelcrossgretna2,GRNA1 A_2,999.0,999,999,999.0,999.0,999.0,999.0,999.0,999.0,999.0,999.0,999.0,999.0,999.0,999.0,999.0,999.0,999.0
chapelcrossgretna2,GRNA1 B_2,999.0,999,999,999.0,999.0,999.0,999.0,999.0,999.0,999.0,999.0,999.0,999.0,999.0,999.0,999.0,999.0,999.0
ewehillgretna,GRNA1,999.0,999,999,999.0,999.0,999.0,999.0,999.0,999.0,999.0,999.0,999.0,999.0,999.0,999.0,999.0,999.0,999.0
ewehillgretna,804 805 803,999.0,999,999,999.0,999.0,999.0,999.0,999.0,999.0,999.0,999.0,999.0,999.0,999.0,999.0,999.0,999.0,999.0
ewehillgretna,803 113,999.0,999,999,999.0,999.0,999.0,999.0,999.0,999.0,999.0,999.0,999.0,999.0,999.0,999.0,999.0,999.0,999.0
ewehillgretna,113,999.0,999,999,999.0,999.0,999.0,999.0,999.0,999.0,999.0,999.0,999.0,999.0,999.0,999.0,999.0,999.0,999.0
ewehillgretna,204 132kV,999.0,999,999,999.0,999.0,999.0,999.0,999.0,999.0,999.0,999.0,999.0,999.0,999.0,999.0,999.0,999.0,999.0
ewehillgretna,204 0V,999.0,999,999,999.0,999.0,999.0,999.0,999.0,999.0,999.0,999.0,999.0,999.0,999.0,999.0,999.0,999.0,999.0
ewehillgretna,GRID 1A,999.0,999,999,999.0,999.0,999.0,999.0,999.0,999.0,999.0,999.0,999.0,999.0,999.0,999.0,999.0,999.0,999.0
ewehillgretna,GRID 1A LV,999.0,999,999,999.0,999.0,999.0,999.0,999.0,999.0,999.0,999.0,999.0,999.0,999.0,999.0,999.0,999.0,999.0
ewehillgretna,EWEH3,999.0,999,999,999.0,999.0,999.0,999.0,999.0,999.0,999.0,999.0,999.0,999.0,999.0,999.0,999.0,999.0,999.0
ewehillgretna,GRID 1B,999.0,999,999,999.0,999.0,999.0,999.0,999.0,999.0,999.0,999.0,999.0,999.0,999.0,999.0,999.0,999.0,999.0
ewehillgretna,BOARD B,999.0,999,999,999.0,999.0,999.0,999.0,999.0,999.0,999.0,999.0,999.0,999.0,999.0,999.0,999.0,999.0,999.0
ewehillgretna,2L5,999.0,999,999,999.0,999.0,999.0,999.0,999.0,999.0,999.0,999.0,999.0,999.0,999.0,999.0,999.0,999.0,999.0
ewehillgretna,3L5,999.0,999,999,999.0,999.0,999.0,999.0,999.0,999.0,999.0,999.0,999.0,999.0,999.0,999.0,999.0,999.0,999.0
ewehillgretna,GRID 1A dash,999.0,999,999,999.0,999.0,999.0,999.0,999.0,999.0,999.0,999.0,999.0,999.0,999.0,999.0,999.0,999.0,999.0
stevenscroft33kv,699,999.0,999,999,999.0,999.0,999.0,999.0,999.0,999.0,999.0,999.0,999.0,999.0,999.0,999.0,999.0,999.0,999.0
stevenscroft33kv,699 CHAP,999.0,999,999,999.0,999.0,999.0,999.0,999.0,999.0,999.0,999.0,999.0,999.0,999.0,999.0,999.0,999.0,999.0
stevenscroft33kv,699 CUSTOMER,999.0,999,999,999.0,999.0,999.0,999.0,999.0,999.0,999.0,999.0,999.0,999.0,999.0,999.0,999.0,999.0,999.0
stevenscroft33kv,POC,999.0,999,999,999.0,999.0,999.0,999.0,999.0,999.0,999.0,999.0,999.0,999.0,999.0,999.0,999.0,999.0,999.0
stevenscroft33kv,699 STEP UP 11kV,999.0,999,999,999.0,999.0,999.0,999.0,999.0,999.0,999.0,999.0,999.0,999.0,999.0,999.0,999.0,999.0,999.0
stevenscroft33kv,699 Auxiliary Transformer A,999.0,999,999,999.0,999.0,999.0,999.0,999.0,999.0,999.0,999.0,999.0,999.0,999.0,999.0,999.0,999.0,999.0
stevenscroft33kv,699 Auxiliary Transformer B,999.0,999,999,999.0,999.0,999.0,999.0,999.0,999.0,999.0,999.0,999.0,999.0,999.0,999.0,999.0,999.0,999.0
stevenscroft33kv,STEVENS AUX 1,999.0,999,999,999.0,999.0,999.0,999.0,999.0,999.0,999.0,999.0,999.0,999.0,999.0,999.0,999.0,999.0,999.0
stevenscroft33kv,STEVENS AUX 2,999.0,999,999,999.0,999.0,999.0,999.0,999.0,999.0,999.0,999.0,999.0,999.0,999.0,999.0,999.0,999.0,999.0
stevenscroft33kv,STEVENS AUX 3,999.0,999,999,999.0,999.0,999.0,999.0,999.0,999.0,999.0,999.0,999.0,999.0,999.0,999.0,999.0,999.0,999.0
stevenscroft33kv,STEVENS AUX 4 5,999.0,999,999,999.0,999.0,999.0,999.0,999.0,999.0,999.0,999.0,999.0,999.0,999.0,999.0,999.0,999.0,999.0
stevenscroft33kv,STEVENS AUX 6 7,999.0,999,999,999.0,999.0,999.0,999.0,999.0,999.0,999.0,999.0,999.0,999.0,999.0,999.0,999.0,999.0,999.0
stevenscroft33kv,STEVENS AUX 8 9,999.0,999,999,999.0,999.0,999.0,999.0,999.0,999.0,999.0,999.0,999.0,999.0,999.0,999.0,999.0,999.0,999.0
stevenscroft33kv,STEVENS AUX 10 11,999.0,999,999,999.0,999.0,999.0,999.0,999.0,999.0,999.0,999.0,999.0,999.0,999.0,999.0,999.0,999.0,999.0
stevenscroft33kv,STEVENS AUX 12,999.0,999,999,999.0,999.0,999.0,999.0,999.0,999.0,999.0,999.0,999.0,999.0,999.0,999.0,999.0,999.0,999.0
stevenscroft33kv,STEVENS AUX 13 14,999.0,999,999,999.0,999.0,999.0,999.0,999.0,999.0,999.0,999.0,999.0,999.0,999.0,999.0,999.0,999.0,999.0
stevenscroft33kv,STEVENS AUX 15,999.0,999,999,999.0,999.0,999.0,999.0,999.0,999.0,999.0,999.0,999.0,999.0,999.0,999.0,999.0,999.0,999.0
stevenscroft33kv,STEVENS AUX 16,999.0,999,999,999.0,999.0,999.0,999.0,999.0,999.0,999.0,999.0,999.0,999.0,999.0,999.0,999.0,999.0,999.0
stevenscroft33kv,STEVENS AUX 17,999.0,999,999,999.0,999.0,999.0,999.0,999.0,999.0,999.0,999.0,999.0,999.0,999.0,999.0,999.0,999.0,999.0
stevenscroft33kv,STEVENS AUX 18,999.0,999,999,999.0,999.0,999.0,999.0,999.0,999.0,999.0,999.0,999.0,999.0,999.0,999.0,999.0,999.0,999.0
minsca33kv,761,999.0,999,999,999.0,999.0,999.0,999.0,999.0,999.0,999.0,999.0,999.0,999.0,999.0,999.0,999.0,999.0,999.0
minsca33kv,761 CHAP A,999.0,999,999,999.0,999.0,999.0,999.0,999.0,999.0,999.0,999.0,999.0,999.0,999.0,999.0,999.0,999.0,999.0
minsca33kv,761 CHAP B,999.0,999,999,999.0,999.0,999.0,999.0,999.0,999.0,999.0,999.0,999.0,999.0,999.0,999.0,999.0,999.0,999.0
minsca33kv,761 CHAP C,999.0,999,999,999.0,999.0,999.0,999.0,999.0,999.0,999.0,999.0,999.0,999.0,999.0,999.0,999.0,999.0,999.0
minsca33kv,761 CHAP D,999.0,999,999,999.0,999.0,999.0,999.0,999.0,999.0,999.0,999.0,999.0,999.0,999.0,999.0,999.0,999.0,999.0
minsca33kv,761 MINS WF,999.0,999,999,999.0,999.0,999.0,999.0,999.0,999.0,999.0,999.0,999.0,999.0,999.0,999.0,999.0,999.0,999.0
minsca33kv,761 CUSTOMER,999.0,999,999,999.0,999.0,999.0,999.0,999.0,999.0,999.0,999.0,999.0,999.0,999.0,999.0,999.0,999.0,999.0
minsca33kv,761 CUSTOMER A,999.0,999,999,999.0,999.0,999.0,999.0,999.0,999.0,999.0,999.0,999.0,999.0,999.0,999.0,999.0,999.0,999.0
minsca33kv,POC,999.0,999,999,999.0,999.0,999.0,999.0,999.0,999.0,999.0,999.0,999.0,999.0,999.0,999.0,999.0,999.0,999.0
minsca33kv,761 CUSTOMER B,999.0,999,999,999.0,999.0,999.0,999.0,999.0,999.0,999.0,999.0,999.0,999.0,999.0,999.0,999.0,999.0,999.0
minsca33kv,MINSCA BUSBAR,999.0,999,999,999.0,999.0,999.0,999.0,999.0,999.0,999.0,999.0,999.0,999.0,999.0,999.0,999.0,999.0,999.0
minsca33kv,CB01 A,999.0,999,999,999.0,999.0,999.0,999.0,999.0,999.0,999.0,999.0,999.0,999.0,999.0,999.0,999.0,999.0,999.0
minsca33kv,CB01 B,999.0,999,999,999.0,999.0,999.0,999.0,999.0,999.0,999.0,999.0,999.0,999.0,999.0,999.0,999.0,999.0,999.0
minsca33kv,CB02 A,999.0,999,999,999.0,999.0,999.0,999.0,999.0,999.0,999.0,999.0,999.0,999.0,999.0,999.0,999.0,999.0,999.0
minsca33kv,CB02 B,999.0,999,999,999.0,999.0,999.0,999.0,999.0,999.0,999.0,999.0,999.0,999.0,999.0,999.0,999.0,999.0,999.0
minsca33kv,CB04 A,999.0,999,999,999.0,999.0,999.0,999.0,999.0,999.0,999.0,999.0,999.0,999.0,999.0,999.0,999.0,999.0,999.0
minsca33kv,CB04 B,999.0,999,999,999.0,999.0,999.0,999.0,999.0,999.0,999.0,999.0,999.0,999.0,999.0,999.0,999.0,999.0,999.0
minsca33kv,WTG09 A,999.0,999,999,999.0,999.0,999.0,999.0,999.0,999.0,999.0,999.0,999.0,999.0,999.0,999.0,999.0,999.0,999.0
minsca33kv,WTG09 B,999.0,999,999,999.0,999.0,999.0,999.0,999.0,999.0,999.0,999.0,999.0,999.0,999.0,999.0,999.0,999.0,999.0
minsca33kv,WTG09 C,999.0,999,999,999.0,999.0,999.0,999.0,999.0,999.0,999.0,999.0,999.0,999.0,999.0,999.0,999.0,999.0,999.0
minsca33kv,WTG09 D,999.0,999,999,999.0,999.0,999.0,999.0,999.0,999.0,999.0,999.0,999.0,999.0,999.0,999.0,999.0,999.0,999.0
minsca33kv,WTG09 E,999.0,999,999,999.0,999.0,999.0,999.0,999.0,999.0,999.0,999.0,999.0,999.0,999.0,999.0,999.0,999.0,999.0
minsca33kv,WTG09 OUTLINE A,999.0,999,999,999.0,999.0,999.0,999.0,999.0,999.0,999.0,999.0,999.0,999.0,999.0,999.0,999.0,999.0,999.0
minsca33kv,WTG09 OUTLINE B,999.0,999,999,999.0,999.0,999.0,999.0,999.0,999.0,999.0,999.0,999.0,999.0,999.0,999.0,999.0,999.0,999.0
minsca33kv,WTG09 OUTLINE C,999.0,999,999,999.0,999.0,999.0,999.0,999.0,999.0,999.0,999.0,999.0,999.0,999.0,999.0,999.0,999.0,999.0
minsca33kv,WTG09 OUTLINE D,999.0,999,999,999.0,999.0,999.0,999.0,999.0,999.0,999.0,999.0,999.0,999.0,999.0,999.0,999.0,999.0,999.0
minsca33kv,WTG11 A,999.0,999,999,999.0,999.0,999.0,999.0,999.0,999.0,999.0,999.0,999.0,999.0,999.0,999.0,999.0,999.0,999.0
minsca33kv,WTG11 B,999.0,999,999,999.0,999.0,999.0,999.0,999.0,999.0,999.0,999.0,999.0,999.0,999.0,999.0,999.0,999.0,999.0
minsca33kv,WTG11 C,999.0,999,999,999.0,999.0,999.0,999.0,999.0,999.0,999.0,999.0,999.0,999.0,999.0,999.0,999.0,999.0,999.0
minsca33kv,WTG11 D,999.0,999,999,999.0,999.0,999.0,999.0,999.0,999.0,999.0,999.0,999.0,999.0,999.0,999.0,999.0,999.0,999.0
minsca33kv,WTG11 E,999.0,999,999,999.0,999.0,999.0,999.0,999.0,999.0,999.0,999.0,999.0,999.0,999.0,999.0,999.0,999.0,999.0
minsca33kv,WTG11 OUTLINE A,999.0,999,999,999.0,999.0,999.0,999.0,999.0,999.0,999.0,999.0,999.0,999.0,999.0,999.0,999.0,999.0,999.0
minsca33kv,WTG11 OUTLINE B,999.0,999,999,999.0,999.0,999.0,999.0,999.0,999.0,999.0,999.0,999.0,999.0,999.0,999.0,999.0,999.0,999.0
minsca33kv,WTG11 OUTLINE C,999.0,999,999,999.0,999.0,999.0,999.0,999.0,999.0,999.0,999.0,999.0,999.0,999.0,999.0,999.0,999.0,999.0
minsca33kv,WTG11 OUTLINE D,999.0,999,999,999.0,999.0,999.0,999.0,999.0,999.0,999.0,999.0,999.0,999.0,999.0,999.0,999.0,999.0,999.0
minsca33kv,WTG10 A,999.0,999,999,999.0,999.0,999.0,999.0,999.0,999.0,999.0,999.0,999.0,999.0,999.0,999.0,999.0,999.0,999.0
minsca33kv,WTG10 C,999.0,999,999,999.0,999.0,999.0,999.0,999.0,999.0,999.0,999.0,999.0,999.0,999.0,999.0,999.0,999.0,999.0
minsca33kv,WTG10 D,999.0,999,999,999.0,999.0,999.0,999.0,999.0,999.0,999.0,999.0,999.0,999.0,999.0,999.0,999.0,999.0,999.0
minsca33kv,WTG10 E,999.0,999,999,999.0,999.0,999.0,999.0,999.0,999.0,999.0,999.0,999.0,999.0,999.0,999.0,999.0,999.0,999.0
minsca33kv,WTG10 OUTLINE A,999.0,999,999,999.0,999.0,999.0,999.0,999.0,999.0,999.0,999.0,999.0,999.0,999.0,999.0,999.0,999.0,999.0
minsca33kv,WTG10 OUTLINE B,999.0,999,999,999.0,999.0,999.0,999.0,999.0,999.0,999.0,999.0,999.0,999.0,999.0,999.0,999.0,999.0,999.0
minsca33kv,WTG10 OUTLINE C,999.0,999,999,999.0,999.0,999.0,999.0,999.0,999.0,999.0,999.0,999.0,999.0,999.0,999.0,999.0,999.0,999.0
minsca33kv,WTG10 OUTLINE D,999.0,999,999,999.0,999.0,999.0,999.0,999.0,999.0,999.0,999.0,999.0,999.0,999.0,999.0,999.0,999.0,999.0
minsca33kv,WTG12 A,999.0,999,999,999.0,999.0,999.0,999.0,999.0,999.0,999.0,999.0,999.0,999.0,999.0,999.0,999.0,999.0,999.0
minsca33kv,WTG12 B,999.0,999,999,999.0,999.0,999.0,999.0,999.0,999.0,999.0,999.0,999.0,999.0,999.0,999.0,999.0,999.0,999.0
minsca33kv,WTG12 C,999.0,999,999,999.0,999.0,999.0,999.0,999.0,999.0,999.0,999.0,999.0,999.0,999.0,999.0,999.0,999.0,999.0
minsca33kv,WTG12 D,999.0,999,999,999.0,999.0,999.0,999.0,999.0,999.0,999.0,999.0,999.0,999.0,999.0,999.0,999.0,999.0,999.0
minsca33kv,WTG12 E,999.0,999,999,999.0,999.0,999.0,999.0,999.0,999.0,999.0,999.0,999.0,999.0,999.0,999.0,999.0,999.0,999.0
minsca33kv,WTG12 OUTLINE A,999.0,999,999,999.0,999.0,999.0,999.0,999.0,999.0,999.0,999.0,999.0,999.0,999.0,999.0,999.0,999.0,999.0
minsca33kv,WTG12 OUTLINE B,999.0,999,999,999.0,999.0,999.0,999.0,999.0,999.0,999.0,999.0,999.0,999.0,999.0,999.0,999.0,999.0,999.0
minsca33kv,WTG12 OUTLINE C,999.0,999,999,999.0,999.0,999.0,999.0,999.0,999.0,999.0,999.0,999.0,999.0,999.0,999.0,999.0,999.0,999.0
minsca33kv,WTG12 OUTLINE D,999.0,999,999,999.0,999.0,999.0,999.0,999.0,999.0,999.0,999.0,999.0,999.0,999.0,999.0,999.0,999.0,999.0
minsca33kv,WTG14 A,999.0,999,999,999.0,999.0,999.0,999.0,999.0,999.0,999.0,999.0,999.0,999.0,999.0,999.0,999.0,999.0,999.0
minsca33kv,WTG14 B,999.0,999,999,999.0,999.0,999.0,999.0,999.0,999.0,999.0,999.0,999.0,999.0,999.0,999.0,999.0,999.0,999.0
minsca33kv,WTG14 C,999.0,999,999,999.0,999.0,999.0,999.0,999.0,999.0,999.0,999.0,999.0,999.0,999.0,999.0,999.0,999.0,999.0
minsca33kv,WTG14 D,999.0,999,999,999.0,999.0,999.0,999.0,999.0,999.0,999.0,999.0,999.0,999.0,999.0,999.0,999.0,999.0,999.0
minsca33kv,WTG14 E,999.0,999,999,999.0,999.0,999.0,999.0,999.0,999.0,999.0,999.0,999.0,999.0,999.0,999.0,999.0,999.0,999.0
minsca33kv,WTG14 OUTLINE A,999.0,999,999,999.0,999.0,999.0,999.0,999.0,999.0,999.0,999.0,999.0,999.0,999.0,999.0,999.0,999.0,999.0
minsca33kv,WTG14 OUTLINE B,999.0,999,999,999.0,999.0,999.0,999.0,999.0,999.0,999.0,999.0,999.0,999.0,999.0,999.0,999.0,999.0,999.0
minsca33kv,WTG14 OUTLINE C,999.0,999,999,999.0,999.0,999.0,999.0,999.0,999.0,999.0,999.0,999.0,999.0,999.0,999.0,999.0,999.0,999.0
minsca33kv,WTG14 OUTLINE D,999.0,999,999,999.0,999.0,999.0,999.0,999.0,999.0,999.0,999.0,999.0,999.0,999.0,999.0,999.0,999.0,999.0
minsca33kv,WTG16 A,999.0,999,999,999.0,999.0,999.0,999.0,999.0,999.0,999.0,999.0,999.0,999.0,999.0,999.0,999.0,999.0,999.0
minsca33kv,WTG16 B,999.0,999,999,999.0,999.0,999.0,999.0,999.0,999.0,999.0,999.0,999.0,999.0,999.0,999.0,999.0,999.0,999.0
minsca33kv,WTG16 C,999.0,999,999,999.0,999.0,999.0,999.0,999.0,999.0,999.0,999.0,999.0,999.0,999.0,999.0,999.0,999.0,999.0
minsca33kv,WTG16 D,999.0,999,999,999.0,999.0,999.0,999.0,999.0,999.0,999.0,999.0,999.0,999.0,999.0,999.0,999.0,999.0,999.0
minsca33kv,WTG16 E,999.0,999,999,999.0,999.0,999.0,999.0,999.0,999.0,999.0,999.0,999.0,999.0,999.0,999.0,999.0,999.0,999.0
minsca33kv,WTG16 OUTLINE A,999.0,999,999,999.0,999.0,999.0,999.0,999.0,999.0,999.0,999.0,999.0,999.0,999.0,999.0,999.0,999.0,999.0
minsca33kv,WTG16 OUTLINE B,999.0,999,999,999.0,999.0,999.0,999.0,999.0,999.0,999.0,999.0,999.0,999.0,999.0,999.0,999.0,999.0,999.0
minsca33kv,WTG16 OUTLINE C,999.0,999,999,999.0,999.0,999.0,999.0,999.0,999.0,999.0,999.0,999.0,999.0,999.0,999.0,999.0,999.0,999.0
minsca33kv,WTG16 OUTLINE D,999.0,999,999,999.0,999.0,999.0,999.0,999.0,999.0,999.0,999.0,999.0,999.0,999.0,999.0,999.0,999.0,999.0
minsca33kv,WTG15 A,999.0,999,999,999.0,999.0,999.0,999.0,999.0,999.0,999.0,999.0,999.0,999.0,999.0,999.0,999.0,999.0,999.0
minsca33kv,WTG15 B,999.0,999,999,999.0,999.0,999.0,999.0,999.0,999.0,999.0,999.0,999.0,999.0,999.0,999.0,999.0,999.0,999.0
minsca33kv,WTG15 C,999.0,999,999,999.0,999.0,999.0,999.0,999.0,999.0,999.0,999.0,999.0,999.0,999.0,999.0,999.0,999.0,999.0
minsca33kv,WTG15 D,999.0,999,999,999.0,999.0,999.0,999.0,999.0,999.0,999.0,999.0,999.0,999.0,999.0,999.0,999.0,999.0,999.0
minsca33kv,WTG15 E,999.0,999,999,999.0,999.0,999.0,999.0,999.0,999.0,999.0,999.0,999.0,999.0,999.0,999.0,999.0,999.0,999.0
minsca33kv,WTG15 OUTLINE A,999.0,999,999,999.0,999.0,999.0,999.0,999.0,999.0,999.0,999.0,999.0,999.0,999.0,999.0,999.0,999.0,999.0
minsca33kv,WTG15 OUTLINE B,999.0,999,999,999.0,999.0,999.0,999.0,999.0,999.0,999.0,999.0,999.0,999.0,999.0,999.0,999.0,999.0,999.0
minsca33kv,WTG15 OUTLINE C,999.0,999,999,999.0,999.0,999.0,999.0,999.0,999.0,999.0,999.0,999.0,999.0,999.0,999.0,999.0,999.0,999.0
minsca33kv,WTG15 OUTLINE D,999.0,999,999,999.0,999.0,999.0,999.0,999.0,999.0,999.0,999.0,999.0,999.0,999.0,999.0,999.0,999.0,999.0
minsca33kv,WTG13 A,999.0,999,999,999.0,999.0,999.0,999.0,999.0,999.0,999.0,999.0,999.0,999.0,999.0,999.0,999.0,999.0,999.0
minsca33kv,WTG13 C,999.0,999,999,999.0,999.0,999.0,999.0,999.0,999.0,999.0,999.0,999.0,999.0,999.0,999.0,999.0,999.0,999.0
minsca33kv,WTG13 D,999.0,999,999,999.0,999.0,999.0,999.0,999.0,999.0,999.0,999.0,999.0,999.0,999.0,999.0,999.0,999.0,999.0
minsca33kv,WTG13 E,999.0,999,999,999.0,999.0,999.0,999.0,999.0,999.0,999.0,999.0,999.0,999.0,999.0,999.0,999.0,999.0,999.0
minsca33kv,WTG13 OUTLINE A,999.0,999,999,999.0,999.0,999.0,999.0,999.0,999.0,999.0,999.0,999.0,999.0,999.0,999.0,999.0,999.0,999.0
minsca33kv,WTG13 OUTLINE B,999.0,999,999,999.0,999.0,999.0,999.0,999.0,999.0,999.0,999.0,999.0,999.0,999.0,999.0,999.0,999.0,999.0
minsca33kv,WTG13 OUTLINE C,999.0,999,999,999.0,999.0,999.0,999.0,999.0,999.0,999.0,999.0,999.0,999.0,999.0,999.0,999.0,999.0,999.0
minsca33kv,WTG13 OUTLINE D,999.0,999,999,999.0,999.0,999.0,999.0,999.0,999.0,999.0,999.0,999.0,999.0,999.0,999.0,999.0,999.0,999.0
minsca33kv,WTG06 A,999.0,999,999,999.0,999.0,999.0,999.0,999.0,999.0,999.0,999.0,999.0,999.0,999.0,999.0,999.0,999.0,999.0
minsca33kv,WTG06 B,999.0,999,999,999.0,999.0,999.0,999.0,999.0,999.0,999.0,999.0,999.0,999.0,999.0,999.0,999.0,999.0,999.0
minsca33kv,WTG06 C,999.0,999,999,999.0,999.0,999.0,999.0,999.0,999.0,999.0,999.0,999.0,999.0,999.0,999.0,999.0,999.0,999.0
minsca33kv,WTG06 D,999.0,999,999,999.0,999.0,999.0,999.0,999.0,999.0,999.0,999.0,999.0,999.0,999.0,999.0,999.0,999.0,999.0
minsca33kv,WTG06 E,999.0,999,999,999.0,999.0,999.0,999.0,999.0,999.0,999.0,999.0,999.0,999.0,999.0,999.0,999.0,999.0,999.0
minsca33kv,WTG06 OUTLINE A,999.0,999,999,999.0,999.0,999.0,999.0,999.0,999.0,999.0,999.0,999.0,999.0,999.0,999.0,999.0,999.0,999.0
minsca33kv,WTG06 OUTLINE B,999.0,999,999,999.0,999.0,999.0,999.0,999.0,999.0,999.0,999.0,999.0,999.0,999.0,999.0,999.0,999.0,999.0
minsca33kv,WTG06 OUTLINE C,999.0,999,999,999.0,999.0,999.0,999.0,999.0,999.0,999.0,999.0,999.0,999.0,999.0,999.0,999.0,999.0,999.0
minsca33kv,WTG06 OUTLINE D,999.0,999,999,999.0,999.0,999.0,999.0,999.0,999.0,999.0,999.0,999.0,999.0,999.0,999.0,999.0,999.0,999.0
minsca33kv,WTG07 A,999.0,999,999,999.0,999.0,999.0,999.0,999.0,999.0,999.0,999.0,999.0,999.0,999.0,999.0,999.0,999.0,999.0
minsca33kv,WTG07 B,999.0,999,999,999.0,999.0,999.0,999.0,999.0,999.0,999.0,999.0,999.0,999.0,999.0,999.0,999.0,999.0,999.0
minsca33kv,WTG07 C,999.0,999,999,999.0,999.0,999.0,999.0,999.0,999.0,999.0,999.0,999.0,999.0,999.0,999.0,999.0,999.0,999.0
minsca33kv,WTG07 D,999.0,999,999,999.0,999.0,999.0,999.0,999.0,999.0,999.0,999.0,999.0,999.0,999.0,999.0,999.0,999.0,999.0
minsca33kv,WTG07 E,999.0,999,999,999.0,999.0,999.0,999.0,999.0,999.0,999.0,999.0,999.0,999.0,999.0,999.0,999.0,999.0,999.0
minsca33kv,WTG07 OUTLINE A,999.0,999,999,999.0,999.0,999.0,999.0,999.0,999.0,999.0,999.0,999.0,999.0,999.0,999.0,999.0,999.0,999.0
minsca33kv,WTG07 OUTLINE B,999.0,999,999,999.0,999.0,999.0,999.0,999.0,999.0,999.0,999.0,999.0,999.0,999.0,999.0,999.0,999.0,999.0
minsca33kv,WTG07 OUTLINE C,999.0,999,999,999.0,999.0,999.0,999.0,999.0,999.0,999.0,999.0,999.0,999.0,999.0,999.0,999.0,999.0,999.0
minsca33kv,WTG07 OUTLINE D,999.0,999,999,999.0,999.0,999.0,999.0,999.0,999.0,999.0,999.0,999.0,999.0,999.0,999.0,999.0,999.0,999.0
minsca33kv,WTG08 A,999.0,999,999,999.0,999.0,999.0,999.0,999.0,999.0,999.0,999.0,999.0,999.0,999.0,999.0,999.0,999.0,999.0
minsca33kv,WTG08 C,999.0,999,999,999.0,999.0,999.0,999.0,999.0,999.0,999.0,999.0,999.0,999.0,999.0,999.0,999.0,999.0,999.0
minsca33kv,WTG08 D,999.0,999,999,999.0,999.0,999.0,999.0,999.0,999.0,999.0,999.0,999.0,999.0,999.0,999.0,999.0,999.0,999.0
minsca33kv,WTG08 E,999.0,999,999,999.0,999.0,999.0,999.0,999.0,999.0,999.0,999.0,999.0,999.0,999.0,999.0,999.0,999.0,999.0
ewehillwindfarm1,761,999.0,999,999,999.0,999.0,999.0,999.0,999.0,999.0,999.0,999.0,999.0,999.0,999.0,999.0,999.0,999.0,999.0
ewehillwindfarm1,761 11 A,999.0,999,999,999.0,999.0,999.0,999.0,999.0,999.0,999.0,999.0,999.0,999.0,999.0,999.0,999.0,999.0,999.0
ewehillwindfarm1,761 11 B,999.0,999,999,999.0,999.0,999.0,999.0,999.0,999.0,999.0,999.0,999.0,999.0,999.0,999.0,999.0,999.0,999.0
ewehillwindfarm1,761 11 C,999.0,999,999,999.0,999.0,999.0,999.0,999.0,999.0,999.0,999.0,999.0,999.0,999.0,999.0,999.0,999.0,999.0
ewehillwindfarm1,761 11 D,999.0,999,999,999.0,999.0,999.0,999.0,999.0,999.0,999.0,999.0,999.0,999.0,999.0,999.0,999.0,999.0,999.0
ewehillwindfarm1,761 12,999.0,999,999,999.0,999.0,999.0,999.0,999.0,999.0,999.0,999.0,999.0,999.0,999.0,999.0,999.0,999.0,999.0
ewehillwindfarm1,761 CUSTOMER,999.0,999,999,999.0,999.0,999.0,999.0,999.0,999.0,999.0,999.0,999.0,999.0,999.0,999.0,999.0,999.0,999.0
ewehillwindfarm1,761 CUSTOMER A,999.0,999,999,999.0,999.0,999.0,999.0,999.0,999.0,999.0,999.0,999.0,999.0,999.0,999.0,999.0,999.0,999.0
ewehillwindfarm1,761 CUSTOMER B,999.0,999,999,999.0,999.0,999.0,999.0,999.0,999.0,999.0,999.0,999.0,999.0,999.0,999.0,999.0,999.0,999.0
ewehillwindfarm1,POC,999.0,999,999,999.0,999.0,999.0,999.0,999.0,999.0,999.0,999.0,999.0,999.0,999.0,999.0,999.0,999.0,999.0
ewehillwindfarm1,EWEHILL1 BUSBAR,999.0,999,999,999.0,999.0,999.0,999.0,999.0,999.0,999.0,999.0,999.0,999.0,999.0,999.0,999.0,999.0,999.0
ewehillwindfarm1,CB01 A,999.0,999,999,999.0,999.0,999.0,999.0,999.0,999.0,999.0,999.0,999.0,999.0,999.0,999.0,999.0,999.0,999.0
ewehillwindfarm1,CB01 B,999.0,999,999,999.0,999.0,999.0,999.0,999.0,999.0,999.0,999.0,999.0,999.0,999.0,999.0,999.0,999.0,999.0
ewehillwindfarm1,CB02 A,999.0,999,999,999.0,999.0,999.0,999.0,999.0,999.0,999.0,999.0,999.0,999.0,999.0,999.0,999.0,999.0,999.0
ewehillwindfarm1,CB02 B,999.0,999,999,999.0,999.0,999.0,999.0,999.0,999.0,999.0,999.0,999.0,999.0,999.0,999.0,999.0,999.0,999.0
ewehillwindfarm1,CB04 A,999.0,999,999,999.0,999.0,999.0,999.0,999.0,999.0,999.0,999.0,999.0,999.0,999.0,999.0,999.0,999.0,999.0
ewehillwindfarm1,CB04 B,999.0,999,999,999.0,999.0,999.0,999.0,999.0,999.0,999.0,999.0,999.0,999.0,999.0,999.0,999.0,999.0,999.0
ewehillwindfarm1,WTG04 A,999.0,999,999,999.0,999.0,999.0,999.0,999.0,999.0,999.0,999.0,999.0,999.0,999.0,999.0,999.0,999.0,999.0
ewehillwindfarm1,WTG04 B,999.0,999,999,999.0,999.0,999.0,999.0,999.0,999.0,999.0,999.0,999.0,999.0,999.0,999.0,999.0,999.0,999.0
ewehillwindfarm1,WTG04 C,999.0,999,999,999.0,999.0,999.0,999.0,999.0,999.0,999.0,999.0,999.0,999.0,999.0,999.0,999.0,999.0,999.0
ewehillwindfarm1,WTG04 D,999.0,999,999,999.0,999.0,999.0,999.0,999.0,999.0,999.0,999.0,999.0,999.0,999.0,999.0,999.0,999.0,999.0
ewehillwindfarm1,WTG04 E,999.0,999,999,999.0,999.0,999.0,999.0,999.0,999.0,999.0,999.0,999.0,999.0,999.0,999.0,999.0,999.0,999.0
ewehillwindfarm1,WTG04 OUTLINE A,999.0,999,999,999.0,999.0,999.0,999.0,999.0,999.0,999.0,999.0,999.0,999.0,999.0,999.0,999.0,999.0,999.0
ewehillwindfarm1,WTG04 OUTLINE B,999.0,999,999,999.0,999.0,999.0,999.0,999.0,999.0,999.0,999.0,999.0,999.0,999.0,999.0,999.0,999.0,999.0
ewehillwindfarm1,WTG04 OUTLINE C,999.0,999,999,999.0,999.0,999.0,999.0,999.0,999.0,999.0,999.0,999.0,999.0,999.0,999.0,999.0,999.0,999.0
ewehillwindfarm1,WTG04 OUTLINE D,999.0,999,999,999.0,999.0,999.0,999.0,999.0,999.0,999.0,999.0,999.0,999.0,999.0,999.0,999.0,999.0,999.0
ewehillwindfarm1,WTG05 A,999.0,999,999,999.0,999.0,999.0,999.0,999.0,999.0,999.0,999.0,999.0,999.0,999.0,999.0,999.0,999.0,999.0
ewehillwindfarm1,WTG05 B,999.0,999,999,999.0,999.0,999.0,999.0,999.0,999.0,999.0,999.0,999.0,999.0,999.0,999.0,999.0,999.0,999.0
ewehillwindfarm1,WTG05 C,999.0,999,999,999.0,999.0,999.0,999.0,999.0,999.0,999.0,999.0,999.0,999.0,999.0,999.0,999.0,999.0,999.0
ewehillwindfarm1,WTG05 D,999.0,999,999,999.0,999.0,999.0,999.0,999.0,999.0,999.0,999.0,999.0,999.0,999.0,999.0,999.0,999.0,999.0
ewehillwindfarm1,WTG05 E,999.0,999,999,999.0,999.0,999.0,999.0,999.0,999.0,999.0,999.0,999.0,999.0,999.0,999.0,999.0,999.0,999.0
ewehillwindfarm1,WTG05 OUTLINE A,999.0,999,999,999.0,999.0,999.0,999.0,999.0,999.0,999.0,999.0,999.0,999.0,999.0,999.0,999.0,999.0,999.0
ewehillwindfarm1,WTG05 OUTLINE B,999.0,999,999,999.0,999.0,999.0,999.0,999.0,999.0,999.0,999.0,999.0,999.0,999.0,999.0,999.0,999.0,999.0
ewehillwindfarm1,WTG05 OUTLINE C,999.0,999,999,999.0,999.0,999.0,999.0,999.0,999.0,999.0,999.0,999.0,999.0,999.0,999.0,999.0,999.0,999.0
ewehillwindfarm1,WTG05 OUTLINE D,999.0,999,999,999.0,999.0,999.0,999.0,999.0,999.0,999.0,999.0,999.0,999.0,999.0,999.0,999.0,999.0,999.0
ewehillwindfarm1,WTG06 A,999.0,999,999,999.0,999.0,999.0,999.0,999.0,999.0,999.0,999.0,999.0,999.0,999.0,999.0,999.0,999.0,999.0
ewehillwindfarm1,WTG06 C,999.0,999,999,999.0,999.0,999.0,999.0,999.0,999.0,999.0,999.0,999.0,999.0,999.0,999.0,999.0,999.0,999.0
ewehillwindfarm1,WTG06 D,999.0,999,999,999.0,999.0,999.0,999.0,999.0,999.0,999.0,999.0,999.0,999.0,999.0,999.0,999.0,999.0,999.0
ewehillwindfarm1,WTG06 E,999.0,999,999,999.0,999.0,999.0,999.0,999.0,999.0,999.0,999.0,999.0,999.0,999.0,999.0,999.0,999.0,999.0
ewehillwindfarm1,WTG06 OUTLINE A,999.0,999,999,999.0,999.0,999.0,999.0,999.0,999.0,999.0,999.0,999.0,999.0,999.0,999.0,999.0,999.0,999.0
ewehillwindfarm1,WTG06 OUTLINE B,999.0,999,999,999.0,999.0,999.0,999.0,999.0,999.0,999.0,999.0,999.0,999.0,999.0,999.0,999.0,999.0,999.0
ewehillwindfarm1,WTG06 OUTLINE C,999.0,999,999,999.0,999.0,999.0,999.0,999.0,999.0,999.0,999.0,999.0,999.0,999.0,999.0,999.0,999.0,999.0
ewehillwindfarm1,WTG06 OUTLINE D,999.0,999,999,999.0,999.0,999.0,999.0,999.0,999.0,999.0,999.0,999.0,999.0,999.0,999.0,999.0,999.0,999.0
ewehillwindfarm1,WTG01 A,999.0,999,999,999.0,999.0,999.0,999.0,999.0,999.0,999.0,999.0,999.0,999.0,999.0,999.0,999.0,999.0,999.0
ewehillwindfarm1,WTG01 B,999.0,999,999,999.0,999.0,999.0,999.0,999.0,999.0,999.0,999.0,999.0,999.0,999.0,999.0,999.0,999.0,999.0
ewehillwindfarm1,WTG01 C,999.0,999,999,999.0,999.0,999.0,999.0,999.0,999.0,999.0,999.0,999.0,999.0,999.0,999.0,999.0,999.0,999.0
ewehillwindfarm1,WTG01 D,999.0,999,999,999.0,999.0,999.0,999.0,999.0,999.0,999.0,999.0,999.0,999.0,999.0,999.0,999.0,999.0,999.0
ewehillwindfarm1,WTG01 E,999.0,999,999,999.0,999.0,999.0,999.0,999.0,999.0,999.0,999.0,999.0,999.0,999.0,999.0,999.0,999.0,999.0
ewehillwindfarm1,WTG01 OUTLINE A,999.0,999,999,999.0,999.0,999.0,999.0,999.0,999.0,999.0,999.0,999.0,999.0,999.0,999.0,999.0,999.0,999.0
ewehillwindfarm1,WTG01 OUTLINE B,999.0,999,999,999.0,999.0,999.0,999.0,999.0,999.0,999.0,999.0,999.0,999.0,999.0,999.0,999.0,999.0,999.0
ewehillwindfarm1,WTG01 OUTLINE C,999.0,999,999,999.0,999.0,999.0,999.0,999.0,999.0,999.0,999.0,999.0,999.0,999.0,999.0,999.0,999.0,999.0
ewehillwindfarm1,WTG01 OUTLINE D,999.0,999,999,999.0,999.0,999.0,999.0,999.0,999.0,999.0,999.0,999.0,999.0,999.0,999.0,999.0,999.0,999.0
ewehillwindfarm1,WTG02 A,999.0,999,999,999.0,999.0,999.0,999.0,999.0,999.0,999.0,999.0,999.0,999.0,999.0,999.0,999.0,999.0,999.0
ewehillwindfarm1,WTG02 B,999.0,999,999,999.0,999.0,999.0,999.0,999.0,999.0,999.0,999.0,999.0,999.0,999.0,999.0,999.0,999.0,999.0
ewehillwindfarm1,WTG02 C,999.0,999,999,999.0,999.0,999.0,999.0,999.0,999.0,999.0,999.0,999.0,999.0,999.0,999.0,999.0,999.0,999.0
ewehillwindfarm1,WTG02 D,999.0,999,999,999.0,999.0,999.0,999.0,999.0,999.0,999.0,999.0,999.0,999.0,999.0,999.0,999.0,999.0,999.0
ewehillwindfarm1,WTG02 E,999.0,999,999,999.0,999.0,999.0,999.0,999.0,999.0,999.0,999.0,999.0,999.0,999.0,999.0,999.0,999.0,999.0
ewehillwindfarm1,WTG02 OUTLINE A,999.0,999,999,999.0,999.0,999.0,999.0,999.0,999.0,999.0,999.0,999.0,999.0,999.0,999.0,999.0,999.0,999.0
ewehillwindfarm1,WTG02 OUTLINE B,999.0,999,999,999.0,999.0,999.0,999.0,999.0,999.0,999.0,999.0,999.0,999.0,999.0,999.0,999.0,999.0,999.0
ewehillwindfarm1,WTG02 OUTLINE C,999.0,999,999,999.0,999.0,999.0,999.0,999.0,999.0,999.0,999.0,999.0,999.0,999.0,999.0,999.0,999.0,999.0
ewehillwindfarm1,WTG02 OUTLINE D,999.0,999,999,999.0,999.0,999.0,999.0,999.0,999.0,999.0,999.0,999.0,999.0,999.0,999.0,999.0,999.0,999.0
ewehillwindfarm1,WTG03 A,999.0,999,999,999.0,999.0,999.0,999.0,999.0,999.0,999.0,999.0,999.0,999.0,999.0,999.0,999.0,999.0,999.0
ewehillwindfarm1,WTG03 C,999.0,999,999,999.0,999.0,999.0,999.0,999.0,999.0,999.0,999.0,999.0,999.0,999.0,999.0,999.0,999.0,999.0
ewehillwindfarm1,WTG03 D,999.0,999,999,999.0,999.0,999.0,999.0,999.0,999.0,999.0,999.0,999.0,999.0,999.0,999.0,999.0,999.0,999.0
ewehillwindfarm1,WTG03 E,999.0,999,999,999.0,999.0,999.0,999.0,999.0,999.0,999.0,999.0,999.0,999.0,999.0,999.0,999.0,999.0,999.0
ewehillwindfarm1,WTG03 OUTLINE A,999.0,999,999,999.0,999.0,999.0,999.0,999.0,999.0,999.0,999.0,999.0,999.0,999.0,999.0,999.0,999.0,999.0
ewehillwindfarm1,WTG03 OUTLINE B,999.0,999,999,999.0,999.0,999.0,999.0,999.0,999.0,999.0,999.0,999.0,999.0,999.0,999.0,999.0,999.0,999.0
ewehillwindfarm1,WTG03 OUTLINE C,999.0,999,999,999.0,999.0,999.0,999.0,999.0,999.0,999.0,999.0,999.0,999.0,999.0,999.0,999.0,999.0,999.0
ewehillwindfarm1,WTG03 OUTLINE D,999.0,999,999,999.0,999.0,999.0,999.0,999.0,999.0,999.0,999.0,999.0,999.0,999.0,999.0,999.0,999.0,999.0
ewehillwindfarm1,WTG01 WTG02,999.0,999,999,999.0,999.0,999.0,999.0,999.0,999.0,999.0,999.0,999.0,999.0,999.0,999.0,999.0,999.0,999.0
ewehillwindfarm1,WTG02 WTG03,999.0,999,999,999.0,999.0,999.0,999.0,999.0,999.0,999.0,999.0,999.0,999.0,999.0,999.0,999.0,999.0,999.0
ewehillwindfarm1,WTG06 WTG05,999.0,999,999,999.0,999.0,999.0,999.0,999.0,999.0,999.0,999.0,999.0,999.0,999.0,999.0,999.0,999.0,999.0
ewehillwindfarm1,WTG05 WTG04,999.0,999,999,999.0,999.0,999.0,999.0,999.0,999.0,999.0,999.0,999.0,999.0,999.0,999.0,999.0,999.0,999.0
ewehillwindfarm2,761 MINS WF,999.0,999,999,999.0,999.0,999.0,999.0,999.0,999.0,999.0,999.0,999.0,999.0,999.0,999.0,999.0,999.0,999.0
ewehillwindfarm2,1L3A,999.0,999,999,999.0,999.0,999.0,999.0,999.0,999.0,999.0,999.0,999.0,999.0,999.0,999.0,999.0,999.0,999.0
ewehillwindfarm2,WG2 A,999.0,999,999,999.0,999.0,999.0,999.0,999.0,999.0,999.0,999.0,999.0,999.0,999.0,999.0,999.0,999.0,999.0
ewehillwindfarm2,WG2 B,999.0,999,999,999.0,999.0,999.0,999.0,999.0,999.0,999.0,999.0,999.0,999.0,999.0,999.0,999.0,999.0,999.0
ewehillwindfarm2,POC,999.0,999,999,999.0,999.0,999.0,999.0,999.0,999.0,999.0,999.0,999.0,999.0,999.0,999.0,999.0,999.0,999.0
ewehillwindfarm2,MINSCA BUSBAR,999.0,999,999,999.0,999.0,999.0,999.0,999.0,999.0,999.0,999.0,999.0,999.0,999.0,999.0,999.0,999.0,999.0
ewehillwindfarm2,CB01 A,999.0,999,999,999.0,999.0,999.0,999.0,999.0,999.0,999.0,999.0,999.0,999.0,999.0,999.0,999.0,999.0,999.0
ewehillwindfarm2,CB01 B,999.0,999,999,999.0,999.0,999.0,999.0,999.0,999.0,999.0,999.0,999.0,999.0,999.0,999.0,999.0,999.0,999.0
ewehillwindfarm2,CB02 A,999.0,999,999,999.0,999.0,999.0,999.0,999.0,999.0,999.0,999.0,999.0,999.0,999.0,999.0,999.0,999.0,999.0
ewehillwindfarm2,CB02 B,999.0,999,999,999.0,999.0,999.0,999.0,999.0,999.0,999.0,999.0,999.0,999.0,999.0,999.0,999.0,999.0,999.0
ewehillwindfarm2,CB04 A,999.0,999,999,999.0,999.0,999.0,999.0,999.0,999.0,999.0,999.0,999.0,999.0,999.0,999.0,999.0,999.0,999.0
ewehillwindfarm2,CB04 B,999.0,999,999,999.0,999.0,999.0,999.0,999.0,999.0,999.0,999.0,999.0,999.0,999.0,999.0,999.0,999.0,999.0
ewehillwindfarm2,WTG09 A,999.0,999,999,999.0,999.0,999.0,999.0,999.0,999.0,999.0,999.0,999.0,999.0,999.0,999.0,999.0,999.0,999.0
ewehillwindfarm2,WTG09 B,999.0,999,999,999.0,999.0,999.0,999.0,999.0,999.0,999.0,999.0,999.0,999.0,999.0,999.0,999.0,999.0,999.0
ewehillwindfarm2,WTG09 C,999.0,999,999,999.0,999.0,999.0,999.0,999.0,999.0,999.0,999.0,999.0,999.0,999.0,999.0,999.0,999.0,999.0
ewehillwindfarm2,WTG09 D,999.0,999,999,999.0,999.0,999.0,999.0,999.0,999.0,999.0,999.0,999.0,999.0,999.0,999.0,999.0,999.0,999.0
ewehillwindfarm2,WTG09 E,999.0,999,999,999.0,999.0,999.0,999.0,999.0,999.0,999.0,999.0,999.0,999.0,999.0,999.0,999.0,999.0,999.0
ewehillwindfarm2,WTG09 OUTLINE A,999.0,999,999,999.0,999.0,999.0,999.0,999.0,999.0,999.0,999.0,999.0,999.0,999.0,999.0,999.0,999.0,999.0
ewehillwindfarm2,WTG09 OUTLINE B,999.0,999,999,999.0,999.0,999.0,999.0,999.0,999.0,999.0,999.0,999.0,999.0,999.0,999.0,999.0,999.0,999.0
ewehillwindfarm2,WTG09 OUTLINE C,999.0,999,999,999.0,999.0,999.0,999.0,999.0,999.0,999.0,999.0,999.0,999.0,999.0,999.0,999.0,999.0,999.0
ewehillwindfarm2,WTG09 OUTLINE D,999.0,999,999,999.0,999.0,999.0,999.0,999.0,999.0,999.0,999.0,999.0,999.0,999.0,999.0,999.0,999.0,999.0
ewehillwindfarm2,WTG11 A,999.0,999,999,999.0,999.0,999.0,999.0,999.0,999.0,999.0,999.0,999.0,999.0,999.0,999.0,999.0,999.0,999.0
ewehillwindfarm2,WTG11 B,999.0,999,999,999.0,999.0,999.0,999.0,999.0,999.0,999.0,999.0,999.0,999.0,999.0,999.0,999.0,999.0,999.0
ewehillwindfarm2,WTG11 C,999.0,999,999,999.0,999.0,999.0,999.0,999.0,999.0,999.0,999.0,999.0,999.0,999.0,999.0,999.0,999.0,999.0
ewehillwindfarm2,WTG11 D,999.0,999,999,999.0,999.0,999.0,999.0,999.0,999.0,999.0,999.0,999.0,999.0,999.0,999.0,999.0,999.0,999.0
ewehillwindfarm2,WTG11 E,999.0,999,999,999.0,999.0,999.0,999.0,999.0,999.0,999.0,999.0,999.0,999.0,999.0,999.0,999.0,999.0,999.0
ewehillwindfarm2,WTG11 OUTLINE A,999.0,999,999,999.0,999.0,999.0,999.0,999.0,999.0,999.0,999.0,999.0,999.0,999.0,999.0,999.0,999.0,999.0
ewehillwindfarm2,WTG11 OUTLINE B,999.0,999,999,999.0,999.0,999.0,999.0,999.0,999.0,999.0,999.0,999.0,999.0,999.0,999.0,999.0,999.0,999.0
ewehillwindfarm2,WTG11 OUTLINE C,999.0,999,999,999.0,999.0,999.0,999.0,999.0,999.0,999.0,999.0,999.0,999.0,999.0,999.0,999.0,999.0,999.0
ewehillwindfarm2,WTG11 OUTLINE D,999.0,999,999,999.0,999.0,999.0,999.0,999.0,999.0,999.0,999.0,999.0,999.0,999.0,999.0,999.0,999.0,999.0
ewehillwindfarm2,WTG10 A,999.0,999,999,999.0,999.0,999.0,999.0,999.0,999.0,999.0,999.0,999.0,999.0,999.0,999.0,999.0,999.0,999.0
ewehillwindfarm2,WTG10 C,999.0,999,999,999.0,999.0,999.0,999.0,999.0,999.0,999.0,999.0,999.0,999.0,999.0,999.0,999.0,999.0,999.0
ewehillwindfarm2,WTG10 D,999.0,999,999,999.0,999.0,999.0,999.0,999.0,999.0,999.0,999.0,999.0,999.0,999.0,999.0,999.0,999.0,999.0
ewehillwindfarm2,WTG10 E,999.0,999,999,999.0,999.0,999.0,999.0,999.0,999.0,999.0,999.0,999.0,999.0,999.0,999.0,999.0,999.0,999.0
ewehillwindfarm2,WTG10 OUTLINE A,999.0,999,999,999.0,999.0,999.0,999.0,999.0,999.0,999.0,999.0,999.0,999.0,999.0,999.0,999.0,999.0,999.0
ewehillwindfarm2,WTG10 OUTLINE B,999.0,999,999,999.0,999.0,999.0,999.0,999.0,999.0,999.0,999.0,999.0,999.0,999.0,999.0,999.0,999.0,999.0
ewehillwindfarm2,WTG10 OUTLINE C,999.0,999,999,999.0,999.0,999.0,999.0,999.0,999.0,999.0,999.0,999.0,999.0,999.0,999.0,999.0,999.0,999.0
ewehillwindfarm2,WTG10 OUTLINE D,999.0,999,999,999.0,999.0,999.0,999.0,999.0,999.0,999.0,999.0,999.0,999.0,999.0,999.0,999.0,999.0,999.0
ewehillwindfarm2,WTG12 A,999.0,999,999,999.0,999.0,999.0,999.0,999.0,999.0,999.0,999.0,999.0,999.0,999.0,999.0,999.0,999.0,999.0
ewehillwindfarm2,WTG12 B,999.0,999,999,999.0,999.0,999.0,999.0,999.0,999.0,999.0,999.0,999.0,999.0,999.0,999.0,999.0,999.0,999.0
ewehillwindfarm2,WTG12 C,999.0,999,999,999.0,999.0,999.0,999.0,999.0,999.0,999.0,999.0,999.0,999.0,999.0,999.0,999.0,999.0,999.0
ewehillwindfarm2,WTG12 D,999.0,999,999,999.0,999.0,999.0,999.0,999.0,999.0,999.0,999.0,999.0,999.0,999.0,999.0,999.0,999.0,999.0
ewehillwindfarm2,WTG12 E,999.0,999,999,999.0,999.0,999.0,999.0,999.0,999.0,999.0,999.0,999.0,999.0,999.0,999.0,999.0,999.0,999.0
ewehillwindfarm2,WTG12 OUTLINE A,999.0,999,999,999.0,999.0,999.0,999.0,999.0,999.0,999.0,999.0,999.0,999.0,999.0,999.0,999.0,999.0,999.0
ewehillwindfarm2,WTG12 OUTLINE B,999.0,999,999,999.0,999.0,999.0,999.0,999.0,999.0,999.0,999.0,999.0,999.0,999.0,999.0,999.0,999.0,999.0
ewehillwindfarm2,WTG12 OUTLINE C,999.0,999,999,999.0,999.0,999.0,999.0,999.0,999.0,999.0,999.0,999.0,999.0,999.0,999.0,999.0,999.0,999.0
ewehillwindfarm2,WTG12 OUTLINE D,999.0,999,999,999.0,999.0,999.0,999.0,999.0,999.0,999.0,999.0,999.0,999.0,999.0,999.0,999.0,999.0,999.0
ewehillwindfarm2,WTG14 A,999.0,999,999,999.0,999.0,999.0,999.0,999.0,999.0,999.0,999.0,999.0,999.0,999.0,999.0,999.0,999.0,999.0
ewehillwindfarm2,WTG14 B,999.0,999,999,999.0,999.0,999.0,999.0,999.0,999.0,999.0,999.0,999.0,999.0,999.0,999.0,999.0,999.0,999.0
ewehillwindfarm2,WTG14 C,999.0,999,999,999.0,999.0,999.0,999.0,999.0,999.0,999.0,999.0,999.0,999.0,999.0,999.0,999.0,999.0,999.0
ewehillwindfarm2,WTG14 D,999.0,999,999,999.0,999.0,999.0,999.0,999.0,999.0,999.0,999.0,999.0,999.0,999.0,999.0,999.0,999.0,999.0
ewehillwindfarm2,WTG14 E,999.0,999,999,999.0,999.0,999.0,999.0,999.0,999.0,999.0,999.0,999.0,999.0,999.0,999.0,999.0,999.0,999.0
ewehillwindfarm2,WTG14 OUTLINE A,999.0,999,999,999.0,999.0,999.0,999.0,999.0,999.0,999.0,999.0,999.0,999.0,999.0,999.0,999.0,999.0,999.0
ewehillwindfarm2,WTG14 OUTLINE B,999.0,999,999,999.0,999.0,999.0,999.0,999.0,999.0,999.0,999.0,999.0,999.0,999.0,999.0,999.0,999.0,999.0
ewehillwindfarm2,WTG14 OUTLINE C,999.0,999,999,999.0,999.0,999.0,999.0,999.0,999.0,999.0,999.0,999.0,999.0,999.0,999.0,999.0,999.0,999.0
ewehillwindfarm2,WTG14 OUTLINE D,999.0,999,999,999.0,999.0,999.0,999.0,999.0,999.0,999.0,999.0,999.0,999.0,999.0,999.0,999.0,999.0,999.0
ewehillwindfarm2,WTG16 A,999.0,999,999,999.0,999.0,999.0,999.0,999.0,999.0,999.0,999.0,999.0,999.0,999.0,999.0,999.0,999.0,999.0
ewehillwindfarm2,WTG16 B,999.0,999,999,999.0,999.0,999.0,999.0,999.0,999.0,999.0,999.0,999.0,999.0,999.0,999.0,999.0,999.0,999.0
ewehillwindfarm2,WTG16 C,999.0,999,999,999.0,999.0,999.0,999.0,999.0,999.0,999.0,999.0,999.0,999.0,999.0,999.0,999.0,999.0,999.0
ewehillwindfarm2,WTG16 D,999.0,999,999,999.0,999.0,999.0,999.0,999.0,999.0,999.0,999.0,999.0,999.0,999.0,999.0,999.0,999.0,999.0
ewehillwindfarm2,WTG16 E,999.0,999,999,999.0,999.0,999.0,999.0,999.0,999.0,999.0,999.0,999.0,999.0,999.0,999.0,999.0,999.0,999.0
ewehillwindfarm2,WTG16 OUTLINE A,999.0,999,999,999.0,999.0,999.0,999.0,999.0,999.0,999.0,999.0,999.0,999.0,999.0,999.0,999.0,999.0,999.0
ewehillwindfarm2,WTG16 OUTLINE B,999.0,999,999,999.0,999.0,999.0,999.0,999.0,999.0,999.0,999.0,999.0,999.0,999.0,999.0,999.0,999.0,999.0
ewehillwindfarm2,WTG16 OUTLINE C,999.0,999,999,999.0,999.0,999.0,999.0,999.0,999.0,999.0,999.0,999.0,999.0,999.0,999.0,999.0,999.0,999.0
ewehillwindfarm2,WTG16 OUTLINE D,999.0,999,999,999.0,999.0,999.0,999.0,999.0,999.0,999.0,999.0,999.0,999.0,999.0,999.0,999.0,999.0,999.0
ewehillwindfarm2,WTG15 A,999.0,999,999,999.0,999.0,999.0,999.0,999.0,999.0,999.0,999.0,999.0,999.0,999.0,999.0,999.0,999.0,999.0
ewehillwindfarm2,WTG15 B,999.0,999,999,999.0,999.0,999.0,999.0,999.0,999.0,999.0,999.0,999.0,999.0,999.0,999.0,999.0,999.0,999.0
ewehillwindfarm2,WTG15 C,999.0,999,999,999.0,999.0,999.0,999.0,999.0,999.0,999.0,999.0,999.0,999.0,999.0,999.0,999.0,999.0,999.0
ewehillwindfarm2,WTG15 D,999.0,999,999,999.0,999.0,999.0,999.0,999.0,999.0,999.0,999.0,999.0,999.0,999.0,999.0,999.0,999.0,999.0
ewehillwindfarm2,WTG15 E,999.0,999,999,999.0,999.0,999.0,999.0,999.0,999.0,999.0,999.0,999.0,999.0,999.0,999.0,999.0,999.0,999.0
ewehillwindfarm2,WTG15 OUTLINE A,999.0,999,999,999.0,999.0,999.0,999.0,999.0,999.0,999.0,999.0,999.0,999.0,999.0,999.0,999.0,999.0,999.0
ewehillwindfarm2,WTG15 OUTLINE B,999.0,999,999,999.0,999.0,999.0,999.0,999.0,999.0,999.0,999.0,999.0,999.0,999.0,999.0,999.0,999.0,999.0
ewehillwindfarm2,WTG15 OUTLINE C,999.0,999,999,999.0,999.0,999.0,999.0,999.0,999.0,999.0,999.0,999.0,999.0,999.0,999.0,999.0,999.0,999.0
ewehillwindfarm2,WTG15 OUTLINE D,999.0,999,999,999.0,999.0,999.0,999.0,999.0,999.0,999.0,999.0,999.0,999.0,999.0,999.0,999.0,999.0,999.0
ewehillwindfarm2,WTG13 A,999.0,999,999,999.0,999.0,999.0,999.0,999.0,999.0,999.0,999.0,999.0,999.0,999.0,999.0,999.0,999.0,999.0
ewehillwindfarm2,WTG13 C,999.0,999,999,999.0,999.0,999.0,999.0,999.0,999.0,999.0,999.0,999.0,999.0,999.0,999.0,999.0,999.0,999.0
ewehillwindfarm2,WTG13 D,999.0,999,999,999.0,999.0,999.0,999.0,999.0,999.0,999.0,999.0,999.0,999.0,999.0,999.0,999.0,999.0,999.0
ewehillwindfarm2,WTG13 E,999.0,999,999,999.0,999.0,999.0,999.0,999.0,999.0,999.0,999.0,999.0,999.0,999.0,999.0,999.0,999.0,999.0
ewehillwindfarm2,WTG13 OUTLINE A,999.0,999,999,999.0,999.0,999.0,999.0,999.0,999.0,999.0,999.0,999.0,999.0,999.0,999.0,999.0,999.0,999.0
ewehillwindfarm2,WTG13 OUTLINE B,999.0,999,999,999.0,999.0,999.0,999.0,999.0,999.0,999.0,999.0,999.0,999.0,999.0,999.0,999.0,999.0,999.0
ewehillwindfarm2,WTG13 OUTLINE C,999.0,999,999,999.0,999.0,999.0,999.0,999.0,999.0,999.0,999.0,999.0,999.0,999.0,999.0,999.0,999.0,999.0
ewehillwindfarm2,WTG13 OUTLINE D,999.0,999,999,999.0,999.0,999.0,999.0,999.0,999.0,999.0,999.0,999.0,999.0,999.0,999.0,999.0,999.0,999.0
ewehillwindfarm2,WTG06 A,999.0,999,999,999.0,999.0,999.0,999.0,999.0,999.0,999.0,999.0,999.0,999.0,999.0,999.0,999.0,999.0,999.0
ewehillwindfarm2,WTG06 B,999.0,999,999,999.0,999.0,999.0,999.0,999.0,999.0,999.0,999.0,999.0,999.0,999.0,999.0,999.0,999.0,999.0
ewehillwindfarm2,WTG06 C,999.0,999,999,999.0,999.0,999.0,999.0,999.0,999.0,999.0,999.0,999.0,999.0,999.0,999.0,999.0,999.0,999.0
ewehillwindfarm2,WTG06 D,999.0,999,999,999.0,999.0,999.0,999.0,999.0,999.0,999.0,999.0,999.0,999.0,999.0,999.0,999.0,999.0,999.0
ewehillwindfarm2,WTG06 E,999.0,999,999,999.0,999.0,999.0,999.0,999.0,999.0,999.0,999.0,999.0,999.0,999.0,999.0,999.0,999.0,999.0
ewehillwindfarm2,WTG06 OUTLINE A,999.0,999,999,999.0,999.0,999.0,999.0,999.0,999.0,999.0,999.0,999.0,999.0,999.0,999.0,999.0,999.0,999.0
ewehillwindfarm2,WTG06 OUTLINE B,999.0,999,999,999.0,999.0,999.0,999.0,999.0,999.0,999.0,999.0,999.0,999.0,999.0,999.0,999.0,999.0,999.0
ewehillwindfarm2,WTG06 OUTLINE C,999.0,999,999,999.0,999.0,999.0,999.0,999.0,999.0,999.0,999.0,999.0,999.0,999.0,999.0,999.0,999.0,999.0
ewehillwindfarm2,WTG06 OUTLINE D,999.0,999,999,999.0,999.0,999.0,999.0,999.0,999.0,999.0,999.0,999.0,999.0,999.0,999.0,999.0,999.0,999.0
ewehillwindfarm2,WTG07 A,999.0,999,999,999.0,999.0,999.0,999.0,999.0,999.0,999.0,999.0,999.0,999.0,999.0,999.0,999.0,999.0,999.0
ewehillwindfarm2,WTG07 B,999.0,999,999,999.0,999.0,999.0,999.0,999.0,999.0,999.0,999.0,999.0,999.0,999.0,999.0,999.0,999.0,999.0
ewehillwindfarm2,WTG07 C,999.0,999,999,999.0,999.0,999.0,999.0,999.0,999.0,999.0,999.0,999.0,999.0,999.0,999.0,999.0,999.0,999.0
ewehillwindfarm2,WTG07 D,999.0,999,999,999.0,999.0,999.0,999.0,999.0,999.0,999.0,999.0,999.0,999.0,999.0,999.0,999.0,999.0,999.0
ewehillwindfarm2,WTG07 E,999.0,999,999,999.0,999.0,999.0,999.0,999.0,999.0,999.0,999.0,999.0,999.0,999.0,999.0,999.0,999.0,999.0
ewehillwindfarm2,WTG07 OUTLINE A,999.0,999,999,999.0,999.0,999.0,999.0,999.0,999.0,999.0,999.0,999.0,999.0,999.0,999.0,999.0,999.0,999.0
ewehillwindfarm2,WTG07 OUTLINE B,999.0,999,999,999.0,999.0,999.0,999.0,999.0,999.0,999.0,999.0,999.0,999.0,999.0,999.0,999.0,999.0,999.0
ewehillwindfarm2,WTG07 OUTLINE C,999.0,999,999,999.0,999.0,999.0,999.0,999.0,999.0,999.0,999.0,999.0,999.0,999.0,999.0,999.0,999.0,999.0
ewehillwindfarm2,WTG07 OUTLINE D,999.0,999,999,999.0,999.0,999.0,999.0,999.0,999.0,999.0,999.0,999.0,999.0,999.0,999.0,999.0,999.0,999.0
ewehillwindfarm2,WTG08 A,999.0,999,999,999.0,999.0,999.0,999.0,999.0,999.0,999.0,999.0,999.0,999.0,999.0,999.0,999.0,999.0,999.0
ewehillwindfarm2,WTG08 C,999.0,999,999,999.0,999.0,999.0,999.0,999.0,999.0,999.0,999.0,999.0,999.0,999.0,999.0,999.0,999.0,999.0
ewehillwindfarm2,WTG08 D,999.0,999,999,999.0,999.0,999.0,999.0,999.0,999.0,999.0,999.0,999.0,999.0,999.0,999.0,999.0,999.0,999.0
